あいかわらず	相変わらず	as usual	読L22-II
あいさつ		greetings	読L23-II
あいす	愛す	to love [u]	読L14-II
あいて	相手	partner; the other person	会L22
アイロンをかける		to iron (clothes) [ru]	会L16
あかちゃん	赤ちゃん	baby	会L17
あかるい	明るい	bright	会L18
あきらめる		to give up [ru]	会L14
あく	開く	(something) opens [u]	会L18
あげる		to give (to others) [ru]	会L14
あさねぼうする	朝寝坊する	to oversleep [irr.]	会L16
あちら		that way (polite)	会L20
あつめる	集める	to collect [ru]	会L16
あと	後	the rest	会L18
アドバイス		advice	読L14-II
アナウンス		announcement	読L13-III
アニメ		animation	会L20
アパート		apartment; smaller apartment building	会L13
あぶない	危ない	dangerous	会L17
アプリ		application	会L13
あむ	編む	to knit [u]	会L13
あめがやむ	雨がやむ	the rain stops [u]	会L23
あやまる	謝る	to apologize [u]	会L18
あらわす	表す	to express; to show [u]	読L23-II
あんしょうばんごう	暗証番号	personal identification number	会L13(e)
あんぜん(な)	安全	safe	会L21
あんないする	案内する	to show (someone) around [irr.]	会L16
あんなに		so; such	読L20-II
いう(もんくを)	言う(文句を)	to complain [u]	会L21
いう(わるぐちを)	言う(悪口を)	to talk behind someone's back [u]	会L23
〜いがい	〜以外	other than ...	会L16
いかが		how (polite expression of どう)	読L19-II
いじめる		to bully [ru]	会L21
〜いじょう	〜以上	... or more	読L18-II
いたす	致す	extra-modest expression for する [u]	会L20
いただく	頂く	extra-modest expression for たべる and のむ [u]	会L20
いただく	頂く	humble expression for もらう [u]	会L20
いちにち	一日	one day	会L13
いちにちじゅう	一日中	all day long	会L15
いちにちめ	一日目	first day	会L15
いちねんじゅう	一年中	all year	読L15-II
いつか	五日	five days	会L13
いっかい	一階	first floor	会L20
いっしょうけんめい	一生懸命	very hard	読L21-II
いっしょうにいちど	一生に一度	once in a lifetime	読L13-II
いっぱくにしょくつき	一泊二食付き	one night with two meals	会L15(e)
いっぽう	一方	on the other hand	読L23-II
いなか		countryside	読L20-II
いなくなる		(someone) is gone; to disappear [u]	会L23
いますぐ	今すぐ	right away	会L18
いらっしゃる		honorific expression for いく, くる, and いる [u]	会L19
いれる		to make tea, coffee, etc. [ru]	会L17
いれる	入れる	to put (something) in [ru]	会L16
いろいろ(な)		various; different kinds of	会L13
インターネット		internet	会L15
うかがう	伺う	to humbly visit; to humbly ask [u]	会L20
うけつけ	受付	reception desk	会L22
うける	受ける	to take (an examination) [ru]	会L22
うちゅうじん	宇宙人	space alien	会L20
うつす	写す	to copy [u]	読L16-II
うまく		well; successfully; skillfully	読L22-II
うまくいく		to go well [u]	読L22-II
うまれる	生まれる	to be born [ru]	会L17
うらない	占い	fortune-telling	読L21-II
うらやましい		envious	会L17
うらやましがる		(somebody is) envious	読L22-II
うる	売る	to sell [u]	会L15
うるさい		noisy; annoying	会L22
うれしい		glad	会L13
うれる	売れる	to be sold [ru]	読L20-II
え	絵	painting; picture; drawing	会L15
えいかいわ	英会話	English conversation	会L22
えいがかん	映画館	movie theater	会L15
えいきょうをうける	影響を受ける	to be affected [ru]	読L17-II
ええと		well ...; let me see ...	会L16
えきいん(さん)	駅員(さん)	station attendant	会L16
えさ		feed	読L20-II
エスエヌエス	SNS	social media	読L23-II
えど	江戸	former name of Tokyo	読L20-II
えどじだい	江戸時代	Edo period (1603-1868)	読L20-II
えもじ	絵文字	emoji	読L23-II
えらぶ	選ぶ	to choose; to select [u]	会L17
えんぴつ	鉛筆	pencil	会L14
えんりょする	遠慮する	to hold back for the time being; to refrain from [irr.]	会L19
おあずけいれ	お預け入れ	deposit	会L13(e)
おいのりする	お祈りする	to pray [irr.]	会L17
おおきさ	大きさ	size	会L16
おおくの〜	多くの〜	many ...	会L22
おおやさん	大家さん	landlord; landlady	会L14
おかえし	お返し	return (as a token of gratitude)	会L14
おかげで		thanks to ...	会L18
おきゃくさん	お客さん	guest; visitor; client; customer	会L17
おく	置く	to put; to lay; to place [u]	会L21
おくさま	奥様	(your/someone's) wife (polite)	会L19
おくさん	奥さん	(your/someone's) wife	会L14
おくる	送る	to send [u]	会L14
おくる	送る	to walk/drive (someone) [u]	会L19
おくれる	遅れる	to become late [ru]	会L19
おこさん	お子さん	(your/someone's) child (polite)	会L19
おこす	起こす	to wake (someone) up [u]	会L16
おこる	起こる	to occur; to happen [u]	読L21-II
おこる	怒る	to get angry [u]	会L19
おごる		to treat (someone) to a meal [u]	会L16
おさきにしつれいします	お先に失礼します	See you. (lit., I'm leaving ahead of you.)	会L18
おさら	お皿	plate; dish	会L14
おじさん		uncle; middle-aged man	会L14
おしゃれ(な)		fashionable; stylish	会L14
おじょうさん	お嬢さん	(someone's) daughter (polite)	会L22
おす	押す	to press; to push [u]	会L18
おせわになる	お世話になる	to be in someone's care [u]	会L23
おたく	お宅	(someone's) home/house	会L20
おちこむ	落ち込む	to get depressed [u]	会L16
おちる	落ちる	(something) drops [ru]	会L18
おつかれさま(でした)	お疲れ様(でした)	You must be tired after working so hard. (greeting between friends and coworkers)	会L18
おっしゃる		honorific expression for いう [u]	会L19
おと	音	sound	会L20
おとされる	落とされる	to be dropped	読L15-II
おとす	落とす	to drop (something) [u]	会L18
おとな	大人	adult	会L13
おなかをこわす		to have a stomachache [u]	会L23
おにぎり		rice ball	会L20
おねがいする	お願いする	to request help [irr.]	会L22
おばさん		aunt; middle-aged woman	会L14
おひきだし	お引き出し	withdrawal	会L13(e)
おふりこみ	お振込	bank transfer	会L13(e)
おまもり	お守り	charm (against evils); amulet	読L21-II
おめでとうございます		Congratulations!	会L17
おもい	重い	heavy; serious (illness)	会L20
おもいだす	思い出す	to recall [u]	読L19-II
おもいで	思い出	memory	会L23
おもに	主に	mainly	読L17-II
おや	親	parent	会L16
おやすみになる	お休みになる	honorific expression for ねる [u]	会L19
おゆ	お湯	hot water	会L17
おゆがわく	お湯が沸く	water boils [u]	会L18
おゆをわかす	お湯を沸かす	to boil water [u]	会L17
おる		extra-modest expression for いる [u]	会L20
おれい	お礼	expression of gratitude	会L19
おろす	下ろす	to withdraw (money) [u]	会L15
か	蚊	mosquito	会L21
〜かい	〜回	... times	会L13
〜かい	〜階	... th floor	会L20
かいがいりょこう	海外旅行	trip to a foreign country	会L23
かいぎ	会議	business meeting; conference	会L21
がいこくご	外国語	foreign language	会L13
がいこくじん	外国人	foreigner	会L15
かいだん	階段	stairs	会L23
かおもじ	顔文字	emoticon	読L23-II
〜かおをする	〜顔をする	to look ... (facial expression) [irr.]	会L23
かかりのもの	係の者	our person in charge	会L20
かぎ	鍵	lock; key	会L17
かぎをかける	鍵をかける	to lock [ru]	会L17
かく	描く	to draw; to paint [u]	会L15
かぐ	家具	furniture	会L15
かける		to sit down [ru]	会L19
かける(アイロンを)		to iron (clothes) [ru]	会L16
かける(かぎを)	かける(鍵を)	to lock [ru]	会L17
かける(パーマを)		to have one's hair permed [ru]	会L17(e)
かじ	火事	fire	会L17
かじ	家事	housework	会L22
かしこまりました		Certainly.	会L20
かす	貸す	to lend [u]	会L16
かぜ	風	wind	会L22
かぜがふく	風が吹く	the wind blows [u]	会L22
かぞえる	数える	to count [ru]	読L17-II
ガソリン		gasoline	会L21
かたづける	片付ける	to tidy up [ru]	会L18
かつ	勝つ	to win [u]	会L22
がっかりする		to be disappointed [irr.]	会L23
がっき	楽器	musical instrument	会L13
かつどう	活動	activity	会L15
かていきょうし	家庭教師	tutor	読L18-III
〜かど	〜角	corner	会L20
〜かな(あ)		I wonder ... (casual)	会L17
かなしい	悲しい	sad	会L13
カラー		hair coloring	会L17(e)
からい	辛い	hot and spicy; salty	会L13
からだ	体	body	会L13
かる	刈る	to crop [u]	会L17(e)
かるい	軽い	light	会L20
かわいそう(な)		pitiful; feel sorry for; poor thing	会L23
かわりに	代わりに	instead	読L22-II
かんがえる	考える	to think (about); to consider [ru]	会L18
かんきょう	環境	environment	会L21
かんこうする	観光する	to do sightseeing [irr.]	会L15
かんじょう	感情	feeling; emotion	読L23-II
かんせいする	完成する	to be completed [irr.]	読L17-II
かんどうする	感動する	to be moved/touched (by ...) [irr.]	会L13
カンニングする		to cheat in an exam [irr.]	会L23
がんばる	頑張る	to do one's best; to try hard [u]	会L13
き	木	tree	会L22
きえる	消える	(something) goes off [ru]	会L18
きがえる	着替える	to change clothes [ru]	会L21
きがつく	気が付く	to notice [u]	会L21
きごう	記号	symbol	読L23-II
きこえる	聞こえる	to be audible [ru]	会L20
キスをする		to kiss [irr.]	読L23-II
きたない	汚い	dirty	会L16
きつえん	喫煙	smoking	会L15(e)
きにいる	気に入る	to find something agreeable [u]	会L23
きにする	気にする	to worry [irr.]	読L21-II
きびしい	厳しい	strict	会L13
きぶんがわるい	気分が悪い	not to feel well; to feel sick	会L13
きまつしけん	期末試験	final examination	会L16
きまる	決まる	to be decided [u]	会L19
きもの	着物	kimono; Japanese traditional dress	会L13
キャッシュカード		bank card	会L13(e)
きゅうこう	休講	class cancellation	会L23
きゅうに	急に	suddenly	会L14
きゅうりょう	給料	salary	会L17
きょうしつ	教室	classroom	会L15
きょうじゅうに	今日中に	by the end of today	会L16
〜キロ		... kilometers; ... kilograms	会L13
きをつける	気をつける	to be cautious/careful [ru]	会L15
きんえん	禁煙	non-smoking	会L15(e)
きんがく	金額	amount	会L13(e)
くうこう	空港	airport	会L13
くじら		whale	読L15-II
くださる	下さる	honorific expression for くれる [u]	会L19
くつした	靴下	socks	会L23
くも	雲	cloud	読L17-II
くらい	暗い	dark	会L18
くらべる	比べる	to compare [ru]	会L21
クリスマス		Christmas	会L14
クレジットカード		credit card	会L13(e)
くれる		to give (me) [ru]	会L14
〜くん	〜君	Mr./Ms. ... (casual)	会L14
けいかくをたてる	計画を立てる	to make a plan [ru]	会L22
けいけん	経験	experience	会L15
けいご	敬語	honorific language	会L19
けいさつ	警察	police; police station	会L21
げいじゅつ	芸術	art	読L17-II
けいたい(でんわ)	携帯(電話)	cell phone	会L18
けしょうする	化粧する	to put makeup on [irr.]	会L17
けしょうひん	化粧品	cosmetics	会L14
けち(な)		stingy; cheap	会L14
けっか	結果	result	会L23
けっこんしき	結婚式	wedding	会L15
〜けど		..., but; ..., so	会L15
ける		to kick [u]	会L21
げんきでね	元気でね	Take care of yourself.	会L23
けんきゅう	研究	research	会L16
げんきん	現金	cash	会L13(e)
けんこう	健康	health	会L23
げんばく	原爆	atomic bomb	読L15-II
〜こ	〜個	[generic counter for smaller items]	会L14
こうかんする	交換する	to exchange [irr.]	会L20
こうこく	広告	advertisement	会L13
こうざ	口座	account	会L13(e)
こうじょう	工場	factory	会L21
こうちゃ	紅茶	black tea	会L13
こうはい	後輩	junior member of a group	会L22
こうよう	紅葉	autumn leaves/colors	読L15-II
こくさい	国際	international	読L19-III
ここのか	九日	nine days	会L13
こころ	心	mind; heart	読L20-II
ござる		extra-modest expression for ある [u]	会L20
ごしゅじん	ご主人	(your/someone's) husband	会L14
ごぜんちゅう	午前中	in the morning	会L21
こたえ	答/答え	answer	読L23-II
こたえる	答える	to answer [ru]	会L23
ごちそうする		to treat/invite (someone) to a meal [irr.]	会L19
こちら		this way (polite)	会L19
こと		things; matters	会L21
ことば	言葉	language	会L13
ことわざ		proverb	読L23-II
このあいだ	この間	the other day	会L16
このぐらい		about this much	会L16
このように		like this; this way	読L23-II
コピーをとる	コピーを取る	to make a photocopy [u]	会L22
こまる	困る	to have difficulty [u]	会L16
ごみ		garbage	会L16
こむ	混む	to get crowded [u]	会L17
ごめん		I'm sorry. (casual)	会L16
ごらんになる	ご覧になる	honorific expression for みる [u]	会L19
ゴルフ		golf	会L13
これから		from now on	会L16
〜ころ		time of ...; when ...	会L21
ころぶ	転ぶ	to fall down [u]	会L18
こわす	壊す	to break (something) [u]	会L18
こわれる	壊れる	(something) breaks [ru]	会L18
コンタクト(レンズ)		contact lenses	会L17
こんな〜		... like this; this kind of ...	会L14
こんなふう		like this	会L22
さあ		I am not sure ...	会L14
さいあく(な)	最悪	the worst	会L17
さいきん	最近	recently	会L15
さいごに	最後に	finally; lastly	会L23
さがす	探す	to look for [u]	会L15
さく	咲く	to bloom [u]	会L18
さくひん	作品	work (of art, etc.)	読L17-II
さくら	桜	cherry blossom	会L18
さしあげる	差し上げる	humble expression for あげる [ru]	会L20
さす	刺す	to bite [u]	会L21
さそう	誘う	to invite [u]	会L15
ざだんかい	座談会	round-table discussion	読L13-III
〜さつ	〜冊	[counter for bound volumes]	会L14
さとう	砂糖	sugar	会L16
さら	皿	plate; dish	会L14
サラリーマン		salaryman; office worker	会L17
さる	猿	monkey	会L22
さわる	触る	to touch [u]	会L21
さんかする	参加する	to participate [irr.]	会L15
ざんぎょう	残業	overtime work	会L17
さんせいする	賛成する	to agree [irr.]	会L22
ざんだかしょうかい	残高照会	balance inquiry	会L13(e)
し	詩	poem	読L17-II
じ	字	letter; character	会L20
しあわせ(な)	幸せ	happy (lasting happiness)	会L13
しか	鹿	deer	読L15-II
しかし		however	読L17-II
しかたがない		cannot be helped	読L22-II
じかんどおり	時間通り	on time	読L13-III
じしょ	辞書	dictionary	会L15
じしん	地震	earthquake	会L15
しぜん	自然	nature	読L15-II
じだい	時代	age; era	読L14-II
したしい	親しい	close; intimate	読L18-III
じつは	実は	actually; in fact	会L16
しっぱいする	失敗する	to fail; to be unsuccessful [irr.]	会L22
しつもん	質問	question	読L19-III
しつれいしました	失礼しました	I'm very sorry.	会L20
しつれいします	失礼します	Excuse me.; Sorry to interrupt you.	会L16
してん	支店	branch office	会L20
じどう	自動	automatic	読L13-III
じぶん	自分	oneself	会L17
じぶんで	自分で	(do something) by oneself	会L16
しま	島	island	読L15-II
しまる	閉まる	(something) closes [u]	会L18
しめきり	締め切り	deadline	会L15
しゃかい	社会	society	会L23
ジャケット		jacket	会L15
しゃべる		to chat [u]	会L15
シャンプー		shampoo	会L18
じゆう	自由	freedom	会L22
しゅうかん	習慣	custom	会L15
しゅうでん	終電	last train (of the day)	会L21
じゆうに	自由に	freely	会L22
しゅうにゅう	収入	income	読L18-II
じゅぎょうちゅうに	授業中に	in class; during the class	会L16
じゅぎょうりょう	授業料	tuition	会L21
じゅく	塾	cram school	会L22
しゅしょう	首相	prime minister	会L17
しゅじん	主人	head of a family	読L15-II
しゅっちょう	出張	business trip	会L19
しゅふ	主夫	house husband	読L17-II
しゅみ	趣味	hobby; pastime	会L20
しゅるい	種類	a kind; a sort	会L19
じゅんび	準備	preparation	会L17
しょうがくきん	奨学金	scholarship	会L16
しょうがくせい	小学生	elementary school students	読L16-II
しょうがっこう	小学校	elementary school	会L23
しょうぎ		Japanese chess	読L19-II
しょうしょう	少々	a few seconds	会L19
しょうせつ	小説	novel	会L20
しょうたいする	招待する	to invite someone (to an event/a place) [irr.]	会L19
しょうゆ	しょう油	soy sauce	会L18
しょくじ	食事	meal	読L21-II
しょくひ	食費	cost of food	読L18-III
じょしがくせい	女子学生	female student	読L18-II
ショッピングモール		shopping mall	会L17
しょるい	書類	document	会L22
しらべる	調べる	to look into (a matter) [ru]	会L15
しりあう	知り合う	to get acquainted with [u]	会L19
シングル		single room	会L15(e)
しんごう	信号	traffic light	会L20
しんじる	信じる	to believe [ru]	会L21
しんせき	親せき	relatives	会L16
しんぱい(な)	心配	worried about	会L22
しんゆう	親友	best friend	読L22-II
すいせんじょう	推薦状	letter of recommendation	会L16
スイッチ		switch	会L18
ずいぶん		very	会L17
スープ		soup	会L18
スカート		skirt	会L18
すく		thin out (hair) [u]	会L17(e)
すくない	少ない	a little; a few	会L17
スクランブルこうさてん	スクランブル交差点	scramble crossing	読L15-II
すごい		incredible; awesome	会L13
すこし	少し	a little	会L21
ずっと		for a long time; all the time	会L22
すっぽん		snapping turtle; terrapin	読L13-II
スニーカー		sneakers	会L20
スピーチ		speech	会L21
スプーン		spoon	会L17
セーター		sweater	会L13
せいかく	性格	personality	会L19
せいかつする	生活する	to lead a life [irr.]	会L20
せいかつのゆとり	生活のゆとり	extra money to spare for the cost of living	読L18-II
せいかつひ	生活費	the cost of living	読L18-II
ぜいきん	税金	tax	会L15
ぜいたくをする		to indulge in luxury [irr.]	読L21-II
せいふ	政府	government	会L21
せかいじゅう	世界中	all over the world	読L23-II
ぜったいに	絶対に	definitely; no matter what	会L22
セット		set	会L17(e)
せつめいする	説明する	to explain [irr.]	会L16
せわをする	世話をする	to take care of ... [irr.]	会L23
せんきゅうひゃくろくじゅうねんだい	1960年代	1960's	読L17-II
せんす	扇子	(hand) fan	会L20
せんぱい	先輩	senior member of a group	会L22
そうだんする	相談する	to consult [irr.]	会L14
そだてる	育てる	to raise; to bring up [ru]	会L22
そつぎょうしき	卒業式	graduation ceremony	会L15
そつぎょうする	卒業する	to graduate (from ...) [irr.]	会L15
そと	外	outside	会L18
そのご	その後	after that	読L17-II
そば		soba; Japanese buckwheat noodles	会L15
ソファ		sofa	会L18
そめる		to dye [ru]	会L17(e)
そら	空	sky	読L16-II
そる		to shave [u]	会L17(e)
それで		then; therefore	会L19
それでは		well then	読L19-II
そろえる		to make hair even; to trim [ru]	会L17(e)
そろそろ		it is about time to ...	会L23
そんな〜		such ...; that kind of ...	会L23
そんなこと(は)ない		I don't think so.	会L22
〜だい	〜台	[counter for equipment]	会L14
たいせつ(な)	大切	precious; important	会L18
たいせつにする	大切にする	to take good care of [irr.]	読L19-II
だいがくいん	大学院	graduate school	会L16
だいヒット	大ヒット	big hit	読L17-II
タイプ		type	読L22-II
たいふう	台風	typhoon	会L16
たいへん		greatly	読L19-II
だいよくじょう	大浴場	large spa	会L15(e)
タオル		towel	会L18
たからくじ	宝くじ	lottery	会L17
たからくじにあたる	宝くじに当たる	to win a lottery [u]	会L17
だく	抱く	to hold something in one's arm [u]	読L20-II
だす	出す	to take (something) out; to hand in (something) [u]	会L16
たすかる	助かる	to be saved; to be helped [u]	会L18
たすける	助ける	to help; to rescue [ru]	会L22
ただ		free of charge	会L23
ただの〜		nothing more than ...	読L21-II
〜たち		[makes a noun plural]	会L14
たつ		(time) pass [u]	読L19-II
たて	縦	vertical	読L23-II
たてもの	建物	building	会L15
たとえば	例えば	for example	会L17
たのしむ	楽しむ	to enjoy [u]	読L15-II
たのむ	頼む	to ask (a favor) [u]	会L18
ダブル		double room	会L15(e)
だます		to deceive [u]	読L20-II
だめ(な)		no good	会L13
〜ために		for ...; for the sake of ...	会L23
ためる		to save money [ru]	会L21
たりる	足りる	to be sufficient; to be enough [ru]	会L17
〜(ん)だろう		short form of 〜(ん)でしょう	会L18
だんしがくせい	男子学生	male student	読L18-II
ちかい	近い	close; near	会L13
ちがい	違い	difference	会L17
ちがう	違う	to be different; to be wrong [u]	会L23
ちからしごと	力仕事	physical labor (such as construction)	読L18-III
ちかん		groper; pervert	会L21
チェックアウト(する)		checking out	会L15(e)
チェックイン(する)		checking in	会L15(e)
チェックする		to check [irr.]	会L23
ちか	地下	underground	読L15-II
ちず	地図	map	会L15
ちちおや	父親	father	読L14-II
チップ		tip	読L13-III
ちゃみせ	茶店	teahouse	読L20-II
〜ちゃん		suffix for names of children	会L22
〜ちゅう	〜中	while ...	読L19-II
ちゅういする	注意する	to give warning; to watch out [irr.]	会L14
ちゅうがくせい	中学生	junior high school student	会L19
ちゅうもんする	注文する	to place an order [irr.]	会L18
ちょうさ	調査	survey	会L23
ちょうしょくつき	朝食付き	with breakfast	会L15(e)
ちょうど		exactly	会L14
ちょきんする	貯金する	to deposit money (in a bank) [irr.]	読L18-II
チョコレート		chocolate	会L14
ツイン		twin room	会L15(e)
つうちょう	通帳	passbook	会L13(e)
つうちょうきにゅう	通帳記入	passbook update	会L13(e)
つかまる	捕まる	to be arrested; to be caught [u]	会L21
つき	月	moon	会L20
つきあう	付き合う	to date (someone); to keep company [u]	会L15
つく	着く	to arrive [u]	会L15
つく		(something) turns on [u]	会L18
つごうがわるい	都合が悪い	inconvenient; to have a scheduling conflict	会L17
つたえる	伝える	to convey message [ru]	会L20
つづく	続く	to continue [u]	読L16-II
つづける	続ける	to continue [ru]	会L20
つつむ	包む	to wrap; to cover [u]	会L21
つよい	強い	strong	会L17
つれていく	連れていく	to take (someone) to (a place) [u]	会L16
〜ていらっしゃる		honorific expression for 〜ている [u]	会L19
〜ておる		extra-modest expression for 〜ている [u]	会L20
できる		to come into existence; to be made [ru]	会L14
できれば		if possible	会L22
〜でござる		extra-modest expression for です [u]	会L20
デザート		desert	読L13-III
てすうりょう	手数料	commission	会L13(e)
てつやする	徹夜する	to stay up all night [irr.]	会L22
では		well then (polite)	会L20
でんきこうがく	電気工学	electrical engineering	読L19-III
てんじょう	天井	ceiling	読L17-II
でんしレンジ	電子レンジ	microwave oven	会L17
でんち	電池	battery	会L15
てんらんかい	展覧会	art exhibition	読L17-II
(〜は)〜といういみだ	(〜は)〜という意味だ	〜 means that ...	読L23-II
ドイツ		Germany	会L20
どうぐ	道具	tool	読L16-II
どうしたらいい		what should one do	会L14
どうしよう		What should I/we do?	会L18
どうじょうする	同情する	to sympathize [irr.]	会L23
どうぞよろしくおねがいします	どうぞよろしくお願いします	Thank you in advance.	読L19-III
どうぶつ	動物	animal	会L20
どうりょう	同僚	colleague	会L21
とおい	遠い	far (away)	会L21
とおか	十日	ten days	会L13
とおる	通る	to go through; to pass [u]	読L15-II
〜とか		... for example	会L22
とくに	特に	especially	会L13
どこでも		anywhere	読L16-II
ところが		however; on the contrary	読L21-II
どちら		where (polite)	会L19
とつぜん	突然	suddenly	読L19-III
とにかく		anyhow; anyway	会L21
とぶ	飛ぶ	to fly [u]	読L16-II
とまる	止まる	to stop [u]	読L20-II
〜ともうします	〜と申します	my name is ...	会L13
とり	鳥	bird; poultry	読L13-II
トレーナー		sweatshirt	会L14
トロッコれっしゃ	トロッコ列車	small train usually for tourists	読L15-II
どろぼう	泥棒	thief; burglar	会L21
なおす	直す	to correct; to fix [u]	会L16
ながいあいだ	長い間	long time	読L21-II
なかがいい	仲がいい	be on good/close terms; to get along well	会L19
なく	泣く	to cry [u]	会L13
なくなる		to be lost; to disappear [u]	会L23
なぐる	殴る	to strike; to hit; to punch [u]	会L21
なさる		honorific expression for する [u]	会L19
なぜ		why	会L19
なつかしい		to miss; to long for	読L19-II
なのか	七日	seven days	会L13
なべ		pot	読L13-II
なまえをつける	名前をつける	to name [ru]	読L17-II
なまけもの	怠け者	lazy person	会L19
なやみ	悩み	worry	会L19
なれる	慣れる	to get used to ... [ru]	会L17
なんだか		somehow	読L22-II
なんでも		anything; everything	読L13-II
なんども	何度も	many times	会L22
にあう	似合う	to look good (on somebody) [u]	会L14
〜にくらべて	〜に比べて	compared with ...	会L17
にげる	逃げる	to run away; to escape [ru]	読L22-II
にこにこする		to smile [irr.]	読L20-II
にっき	日記	diary	会L18
ニヤニヤする		to grin [irr.]	読L13-II
にゅういんする	入院する	to be hospitalized [irr.]	読L21-II
ニュース		news	会L17
〜によると		according to ...	会L17
にわ	庭	garden	会L15
ぬいぐるみ		stuffed animal (e.g., teddy bear)	会L14
ぬぐ	脱ぐ	to take off (clothes) [u]	会L17
ぬすむ	盗む	to steal; to rob [u]	会L21
ネクタイ		necktie	会L14
ねだん	値段	price	読L20-II
〜ねんかん	〜年間	for ... years	読L14-II
のこす	残す	to leave; to preserve [u]	読L15-II
〜のしょうかいで	〜の紹介で	through the introduction of	読L19-III
〜のために		for ...	読L19-III
〜のための		for the sake of ...	読L17-II
〜のようなもの		something like ...	読L16-II
のりおくれる	乗り遅れる	to miss (a train, bus, etc.) [ru]	会L16
〜は…といういみだ	〜は…という意味だ	〜 means that ...	読L23-II
ばあい	場合	case	読L14-II
パートナー		partner	会L14
パーマ		perm	会L17(e)
パーマをかける		to have one's hair permed [ru]	会L17(e)
はいく	俳句	haiku	読L17-II
バイク		motorcycle	会L13
ばかにする		to insult; to make a fool of ... [irr.]	会L21
はこぶ	運ぶ	to carry [u]	会L22
はしご		ladders	読L17-II
はずかしい	恥ずかしい	embarrassing; to feel embarrassed	会L18
はずかしがりや	恥ずかしがり屋	shy person	会L19
はっぴょうする	発表する	to make a presentation; to make public [irr.]	会L15
はなし	話	story; talk	会L19
はなしをする	話をする	to have a talk [irr.]	会L19
バナナ		banana	会L18
はなれる	離れる	(something/someone) separates; parts from [ru]	会L23
はる	貼る	to post; to stick [u]	会L21
はれる	晴れる	to become sunny [ru]	会L19
バレンタインデー		Valentine's Day	会L14
ばんぐみ	番組	broadcast program	読L16-II
パンダ		panda	会L17
はんたいする	反対する	to oppose; to object to [irr.]	会L22
はんにん	犯人	criminal	会L21
ひ	日	day	会L16
ヒーター		heater	会L17
〜ひき	〜匹	[counter for smaller animals]	会L14
ひきだし	引き出し	withdrawal	会L13(e)
ひげ		beard	会L17
ひげをそる		to shave one's beard [u]	会L17
ひっかく		to scratch [u]	読L20-II
びっくりする		to be surprised [irr.]	会L21
ひっこし	引っ越し	moving	読L18-III
ひっこす	引っ越す	to move (to another place to live) [u]	会L19
ひどい		awful	会L21
ひとりぐらし	一人暮らし	living alone	会L22
ひみつ	秘密	secret	会L17
ひょうじょう	表情	expression	読L23-II
ひるねをする	昼寝をする	to take a nap [irr.]	会L21
ひろう	拾う	to pick up (something) [u]	会L22
びんぼう(な)	貧乏	poor	会L22
ファイル		(file) folder; portfolio; file	会L16
ふあん(な)	不安	anxious; worried	会L18
ブーツ		boots	会L17
プール		swimming pool	会L15
ぶか	部下	subordinate	会L22
ふくしゅう	復習	review of a lesson	会L22
ふくろ	袋	bag; sack; plastic/paper bag	会L23
ふしぎ(な)	不思議	mysterious	会L20
ぶちょう	部長	department manager	会L19
ふつか	二日	two days	会L13
ぶっか	物価	consumer prices	会L13
ふつかかん	二日間	for two days	読L22-II
ふべん(な)	不便	inconvenient	読L21-II
ふむ	踏む	to step on [u]	会L21
ふりこみ	振込	bank transfer	会L13(e)
プリン		pudding	読L13-III
ふる		to turn down (somebody); to reject; to jilt [u]	会L21
プロジェクト		project	会L22
プロポーズする		to propose marriage [irr.]	会L14
フロント		receptionist; front desk	会L15(e)
ぶんぽう	文法	grammar	会L13
ぶんや	分野	field; realm	読L17-II
へいわ	平和	peace	読L15-II
へいわきねんしりょうかん	平和記念資料館	Peace Memorial Museum	読L15-II
ペット		pet	会L15
ヘッドホン		headphones	会L20
ぺらぺら		fluent	会L22
へん(な)	変	strange; unusual	会L21
べんごし	弁護士	lawyer	会L13
へんじ	返事	reply	会L16
へんぴんする	返品する	to return (merchandise) [irr.]	会L20
ほ(う)っておく	放っておく	to leave (someone/something) alone; to neglect [u]	会L22
ボール		ball	会L22
ほかの	他の	other	会L16
ポケット		pocket	読L16-II
ほけん	保険	insurance	会L15
ほけんにはいる	保険に入る	to buy insurance [u]	会L15
ほしい	欲しい	to want	会L14
ぼしゅう	募集	recruitment	会L13
ポスター		poster	会L21
ポップコーン		popcorn	会L18
ほめる		to praise; to say nice things [ru]	会L21
ボランティア		volunteer	会L15
ホワイトデー		"White Day" (yet another gift-giving day)	会L14
〜ほん	〜本	[counter for long objects]	会L14
ぼんおどり	盆踊り	Bon dance (Japanese traditional dance)	会L23
ほんとうに	本当に	really	会L18
ほんとうは	本当は	in fact; originally	会L19
ほんやくする	翻訳する	to translate [irr.]	会L22
まいあさ	毎朝	every morning	会L19
まいつき	毎月	every month	読L18-III
まいる	参る	extra-modest expression for いく and くる [u]	会L20
まえ	前	before ...	会L17
まがる	曲がる	to turn (right/left) [u]	会L20
まける	負ける	to lose (a match) [ru]	会L22
まことに	誠に	really (very polite)	会L20
まじめ(な)		serious; sober; diligent	会L19
まず		first of all	会L18
まずい		(food is) terrible	会L23
また		again	会L20
また		in addition	読L16-II
まだ		still	会L19
またせる	待たせる	to keep (someone) waiting [ru]	会L20
まちあわせをする	待ち合わせをする	to meet up [irr.]	読L15-II
まちがい	間違い	mistake	会L19
まちがえる	間違える	to make a mistake [ru]	会L21
まちどおしい	待ち遠しい	to wait eagerly for ...	読L22-II
まにあう	間に合う	to be in time [u]	会L22
マフラー		winter scarf	会L14
まんが	漫画	comic book	会L14
マンション		larger apartment building; condominium	会L13
みえる	見える	to be visible [ru]	会L15
みがく	磨く	to brush (teeth); to polish [u]	会L13
みかた	味方	person on one's side	読L16-II
みかん		mandarin orange	会L14
みずぎ	水着	swimwear	読L13-III
みせ	店	shop; store	会L13
みせる	見せる	to show [ru]	会L16
〜みたいなX		X like ...	会L20
みち	道	way; road; directions	会L16
みちにまよう	道に迷う	to become lost; to lose one's way [u]	会L16
みっか	三日	three days	会L13
みつかる	見つかる	to be found [u]	会L16
みつける	見つける	to find [ru]	会L21
みどり	緑	green	読L15-II
みなさま	みな様	everyone (polite expression of みなさん)	読L19-II
みなさん	皆さん	everyone; all of you	会L14
みぶり	身ぶり	gesture	読L20-II
〜みまん	〜未満	less than ...	読L18-II
みらい	未来	future	読L16-II
むいか	六日	six days	会L13
むかえにいく	迎えに行く	to go to pick up [u]	会L16
むかえにくる	迎えに来る	to come to pick up [irr.]	会L16
むかし	昔	old days; past	会L21
むし	虫	insect	会L18
むしめがね	虫めがね	magnifying glass	読L17-II
むだづかい	無駄遣い	waste (money)	会L22
むり(な)	無理	impossible	会L18
〜め	〜目	-th	会L15
〜めい	〜名	... person(s)	会L15(e)
〜めいさま	〜名様	party of ... people	会L19
めいしん	迷信	superstition	読L21-II
めしあがる	召し上がる	honorific expression for たべる and のむ [u]	会L19
めずらしい	珍しい	rare	読L13-II
めちゃくちゃ(な)		messy; disorganized	会L21
メッセージ		message; text	会L23
めったに〜ない		seldom	読L21-II
めんきょ	免許	license	会L22
めんせつ	面接	interview	会L23
もうしこみ	申し込み	application	読L19-III
もうしわけありません	申し訳ありません	You have my apologies.	会L20
もうす	申す	extra-modest expression for いう [u]	会L20
もういちど	もう一度	one more time	会L15
もうすこし	もう少し	a little more	会L22
もう〜ない		not any longer	読L13-II
もくてき	目的	object; purpose	読L18-II
もし〜たら		if ...	読L19-III
もてる		to be popular (in terms of romantic interest) [ru]	会L19
もどってくる	戻ってくる	(something/someone) comes back [irr.]	会L23
もどる	戻る	to return; to come/go back [u]	会L20
ものすごく		extremely	会L23
もんく	文句	complaint	会L21
もんくをいう	文句を言う	to complain [u]	会L21
〜や	〜屋	... shop	会L20
やく	焼く	to bake; to burn; to grill [u]	会L21
やくす	訳す	to translate [u]	会L16
やくそく	約束	promise; appointment	会L13
やくそくをまもる	約束を守る	to keep a promise [u]	会L13
やちん	家賃	rent	会L18
やった！		I did it!	読L20-II
やっぱり		after all	会L17
ゆ	湯	hot water	会L17
ゆうがた	夕方	evening	会L18
ゆうき	勇気	courage	読L22-II
ゆうしょうする	優勝する	to win a championship [irr.]	会L23
ゆうしょく	夕食	dinner	会L23
ゆうじん	友人	friend	読L19-III
ゆびわ	指輪	ring	会L14
ようか	八日	eight days	会L13
ようこそ		Welcome.	会L19
ようふく	洋服	clothes	読L18-II
ヨーロッパ		Europe	会L22
よきん	預金	savings	会L13(e)
よく		well	会L14
よこ	横	side; horizontal	読L23-II
よごす	汚す	to make dirty [u]	会L18
よごれる	汚れる	to become dirty [ru]	会L18
よしゅう	予習	preparation of a lesson	会L22
よっか	四日	four days	会L13
よてい	予定	schedule; plan	会L15
よぶ	呼ぶ	to call (one's name); to invite [u]	会L19
よやくする	予約する	to reserve [irr.]	会L15
よる	寄る	to stop by [u]	会L19
よろしかったら		if it is okay (polite)	会L20
よろしくおつたえください	よろしくお伝えください	Please give my best regards (to ...).	会L19
よわい	弱い	weak	読L16-II
らく(な)	楽	easy; comfortable	会L22
らくご	落語	comic monologue	読L20-II
らくごか	落語家	comic storyteller	読L20-II
ラジオ		radio	会L14
りこんする	離婚する	to get a divorce [irr.]	会L17
りそう	理想	ideal	会L23
りょう	寮	dormitory	会L17
りょうがえ	両替	money exchange	会L13(e)
りょうしん	両親	parents	会L14
りょかん	旅館	Japanese inn	会L15
りょこうがいしゃ	旅行会社	travel agency	会L17
りれきしょ	履歴書	résumé	会L14
るす	留守	absence; not at home	会L21
るすばん	留守番	looking after a house during someone's absence	会L23
れいぞうこ	冷蔵庫	refrigerator	会L18
れんらくする	連絡する	to contact [irr.]	会L21
ろうそく		candle	会L18
わかもの	若者	young people	読L15-II
わたくし	私	I (formal)	会L13
わたしたち	私たち	we	会L14
わたす	渡す	to give; to hand [u]	読L20-II
わらう	笑う	to laugh [u]	会L16
わりびきけん	割引券	discount coupon	会L15
わるぐちをいう	悪口を言う	to talk behind someone's back [u]	会L23
ワンルームマンション		studio apartment	読L18-III
